time_0,temperatureSensor_13,temperatureSensor_6,temperatureSensor_11,temperatureSensor_14,windSensor_3,temperatureSensor_9,temperatureSensor_12,himiditySensor_1,temperatureSensor_15,temperatureSensor_0,pressureSensor_2,temperatureSensor_7,temperatureSensor_5,temperatureSensor_16,temperatureSensor_8,temperatureSensor_10,insolationSensor_4
Tue Jan 25 13:50:02 202,-61.696846,-53.267204,-122.103378,-30.477703,79.844002,-32.014271,-72.195389,96.971916,-64.318245,-30.799061,102.830994,-111.822960,-91.666115,-41.650055,-40.833378,-25.452059,91.164742
Tue Jan 25 13:50:07 202,-85.584305,-47.047363,-115.932945,-37.074833,10.880880,-34.335716,-83.916054,97.004723,-59.683449,-34.216606,96.297905,-118.911224,-91.107063,-43.938354,-35.810402,-22.248955,99.892448
Tue Jan 25 13:50:32 202,-61.696846,-53.267204,-122.103378,-30.477703,79.844002,-32.014271,-72.195389,96.971916,-64.318245,-30.799061,102.830994,-111.822960,-91.666115,-41.650055,-40.833378,-25.452059,91.164742
