atime_0,temperatureSensor_13,temperatureSensor_6,temperatureSensor_11,temperatureSensor_14,windSensor_3,temperatureSensor_9,temperatureSensor_12,himiditySensor_1,temperatureSensor_15,temperatureSensor_0,pressureSensor_2,temperatureSensor_7,temperatureSensor_5,temperatureSensor_16,temperatureSensor_8,temperatureSensor_10,insolationSensor_4
Mon Jan 24 10:42:33 202,-61.696846,-53.267204,-122.103378,-30.477703,79.844002,-32.014271,-72.195389,96.971916,-64.318245,-30.799061,102.830994,-111.822960,-91.666115,-41.650055,-40.833378,-25.452059,91.164742
Mon Jan 24 10:42:38 202,-46.349358,-54.761913,-91.419716,-34.870674,52.428715,-33.391502,-129.902130,96.480156,-61.851593,-31.936800,101.375519,-112.135773,-70.735077,-43.938354,-42.649815,-32.404190,49.358299
Mon Jan 24 10:42:43 202,-85.472977,-33.841858,-88.722656,-30.977919,8.605584,-36.819794,-60.683475,99.746635,-62.229431,-34.651222,100.259956,-69.889297,-79.092873,-49.400021,-44.037430,-25.845966,19.221384
Mon Jan 24 10:42:48 202,-52.177528,-42.600739,-136.924438,-37.710320,72.095230,-35.506233,-114.457298,99.659172,-63.587917,-32.811813,104.308098,-70.404861,-77.059570,-47.642437,-34.682079,-26.197910,28.429340
Mon Jan 24 10:42:53 202,-49.615089,-31.741169,-110.485252,-32.139980,91.097206,-29.070440,-95.383278,99.073837,-44.838654,-33.007816,101.842186,-127.012825,-91.172729,-45.612297,-42.785099,-22.178387,48.249065
